SuccubusNo,SuccubusName,HeartLevel/Ending,Choice,ChoiceNext,DlgS,DlgJ,args
,,,,,,,
0,Warning,,,,"阅读忠告

《我的可爱妻子》的某些场景和图像涉及身心虐待、情感操纵和家庭暴力等元素，可能会导致部分读者感到不适。

请读者谨慎判断是否游玩。",,
1,Berith,I-1,,,比利士,,
,,,,,根本没有什么改变嘛，哼。,,
,,,,,人类看起来还是一如既往的没用。,,
,,,,,,（她为什么那样看着我……）,
,,,,,你想干什么？,,
,,,,,,呃，没什么…… 我只是觉得我们应该互相了解一下……,
,,,,,和你这种凡人吗？切。,,
,,,,,你对魅魔又了解多少呢？,,
,,,1-1-A,I-2,比你所了解的多。,,
,,,,,,嗯，实际上，我想多了解你一些。,
,,,,,真是厚颜无耻。,,
,,,,,你可要搞清楚，我不是来陪你玩的。,,
,,,,,咱们速战速决吧。我还有其他更重要的事情要做。,,
,,,,,,我…… 我觉得这种事不能操之过急……,
,,,,,啧啧，太慢了。,,
,,,1-1-B,II-4,我不确定。,,
,,,,,,我…… 我也不是很清楚。,
,,,,,,我只知道魅魔分成很多种……,
,,,,,,还有你们都很有魅力。,
,,,,,那是什么？,,
,,,,,,……？,
,,,,,你这个无礼的……,,
,,,,,别把我和其他低等的魅魔混为一谈！,,
,,,,,,（她为什么这么生气？）,
,,I-2,,,,,
,,,,,啊，是你。,,
,,,,,你忙完了？,,
,,,,,,还没……,
,,,,,呃，真麻烦。,,
,,,,,我只想快点回家。我得族人还在等我。,,
,,,1-2-A,,你的族人？,,
,,,,,,你的意思是还有很多其他和你一样的魅魔吗？,
,,,,,她们也许不如我完美，但是，我的族人永远是最棒的。,,
,,,,,我得意思是，我们最受恶魔女王青睐。,,
,,,1-2-A-A,II-1,恶魔女王。,,
,,,,,,恶魔女王？,
,,,,,当然，她是魅魔世界的统治者。,,
,,,,,,听起来很厉害的样子…… 看来你们很强大。,
,,,,,你这是在嘲笑我吗？我当然很强大！,,
,,,,,少在这叽叽喳喳的，不如现在来试试我的能力吧。,,
,,,,,,别…… 别啊……,
,,,,,切。,,
,,,,,,,
,,,,,,,
,,,1-2-A-B,II-3,曾经？,,
,,,,,,为什么是过去式呢？,
,,,,,……,,
,,,,,,有什么问题吗？,
,,,,,因为…… 陛下她……,,
,,,,,如果他还在的话…… 我…… 我们…… 我们不至于……,,
,,,,,我们不至于沦落到这般境地。,,
,,,,,,（我还是走吧……）,
,,,,,,,
,,,,,,,
,,,1-2-B,,回家。,,
,,,,,,你回不了家了吗？,
,,,,,哎。,,
,,,,,我讨厌聊这个，但我必须旅行我的职责。,,
,,,1-2-B-A,II-4,真是责任心爆棚。,,
,,,,,,来到人类世界，数百年，不，千百年来不断履行自己的职责……,
,,,,,可别误解我。,,
,,,,,收集人类的复生精华，是我们作为魅魔的基本功。,,
,,,,,我的族人们有着更崇高的使命。,,
,,,,,,……,
,,,,,怎么了吗？,,
,,,,,,啊，没有，我只是感到钦佩。,
,,,,,嗯……,,
,,,,,,,
,,,1-2-B-B,I-3,无法想象。,,
,,,,,,呃…… 无法想象千百年来日复一日。,
,,,,,你什么意思？,,
,,,,,,我的意思是进入人类的世界…… 然后从人类身上吸取精华……,
,,,,,你以为我们愿意吗？,,
,,,,,别把自己看得那么重要。,,
,,,,,人类身上唯一的优点…… 就是你们身上的复生精华。,,
,,,,,,这不是我想说……,
,,,,,滚开！,,
,,,,,,,
,,I-3,,,,,
,,,,,,对不起，嗯……,
,,,,,有屁快放。我可没那么多时间陪你瞎扯。,,
,,,,,,你需要什么吗？,
,,,,,,如果我能帮上忙的话……,
,,,,,呵，你以为我会上你的当？,,
,,,1-3-A,II-3,我是召唤你的人。,,
,,,,,,但是，是我把你召唤到这里的……,
,,,,,然后呢？你觉得我欠你个人情吗？,,
,,,,,识相点，笨蛋！你只不过是个猎物。,,
,,,,,当这一切都结束后，我会把你吸干然后丢到一边。,,
,,,,,,……！,
,,,,,能死在我的手上，你应该感激涕零。,,
,,,,,毕竟，你面对的可是恶魔女王最得力的部下！,,
,,,,,,,
,,,,,,,
,,,,,,,
,,,1-3-B,II-4,你充满敌意。,,
,,,,,,其他魅魔都像你这样吗……？,
,,,,,你这是什么意思？,,
,,,,,,啊？没…… 没什么意思。,
,,,,,,我是说，这里一定有很多魅魔了……,
,,,,,那些低贱的魅魔……,,
,,,,,她们早已忘记王国最重要的事，随心所欲地过着他们的生活！,,
,,,,,她们什么也不是…… 不配和我，甚至我得同类相提并论！,,
,,,,,,（她好像没听清楚我在说什么。）,
,,II-1,,,,,
,,,,,艾格拉斯殿下……,,
,,,,,,艾格拉斯？她就是恶魔女王吗？,
,,,,,……你怎敢直呼她的名讳！,,
,,,,,,我…… 我很抱歉。她对你来说一定很重要。,
,,,,,我们从一开始就陪伴在她的身边。,,
,,,,,我们是她唯一信任的魅魔。,,
,,,,,然而其他魅魔居然敢忘了我们！,,
,,,2-1-A,II-3,不要沉溺于过去。,,
,,,,,,这只是我的个人看法，但是……,
,,,,,,我觉得你应该接受她已经不在这里的事实，开始新的生活……,
,,,,,,看到你忿忿不平的样子让人十分难受……,
,,,,,……！,,
,,,,,那是你的看法！,,
,,,,,别以为我不知道你的阴谋？！,,
,,,,,,……,
,,,,,,（我…… 和露娜……）,
,,,,,,,
,,,2-1-B,II-2,那现在该怎么办？,,
,,,,,,既然她已经不在了，你打算怎么办……？,
,,,,,她走了…… 但我还在，不是吗！？,,
,,,,,哪怕她不在，我们永远都是她最得力的部下。,,
,,,,,可新的统治者却选择了其他魅魔。,,
,,,,,,嗯，我想我能理解你为什么这么不甘心……,
,,,,,……,,
,,,,,,,
,,II-2,,,,,
,,,,,,你还好吗？,
,,,,,别表现出一副关心我的样子。,,
,,,,,,我只是有些担心……,
,,,,,担心？担心我？,,
,,,,,你应该担心担心自己。,,
,,,,,毕竟，我无所不能。,,
,,,,,我甚至可以夺回我的位置，重新成为统治者的左膀右臂。,,
,,,2-2-A,III-3,你为什么这么执着？,,
,,,,,,你为何如此执着？,
,,,,,是又怎样？,,
,,,,,被至高的统治者重用……,,
,,,,,其他魅魔也就不敢再无视我。,,
,,,,,,他们无视你了？,
,,,,,闭…… 闭嘴！,,
,,,,,,,
,,,2-2-B,III-1,我支持你。,,
,,,,,,看到你的渴望如此强烈，我觉得你配得上那个位置。,
,,,,,渴望？,,
,,,,,你要明白，我还会为此效忠。,,
,,,,,,啊…… 是的。,
,,,,,如果他们统统不存在就好了……,,
,,,,,呃…… 一想到她们我就快要疯了。,,
,,,,,,,
,,II-3,,,,,
,,,,,,我有点好奇……,
,,,,,,你和其他魅魔的关系现在怎么样了？,
,,,,,这真是个奇怪的问题……,,
,,,,,她们当然很尊敬我！,,
,,,,,她们应该尊敬我……,,
,,,,,,嗯？你听起来好像不是很确定。,
,,,,,啧啧。吵死了。,,
,,,,,我曾是恶魔女王的左膀右臂！她们怎么敢不尊重我！,,
,,,2-3-A,III-3,那是过去。,,
,,,,,,现在情况不一样了，是吗？,
,,,,,……,,
,,,,,,你为什么那么渴望被别人尊敬？,
,,,,,因为……！,,
,,,,,,你已经很努力了。,
,,,,,,但是…… 你有没有考虑过为自己而活，而不是别人？,
,,,,,我的人生…… 我所知道的一切都和效忠王国统治者有关。,,
,,,,,所以不要到处胡说八道……,,
,,,,,,（她有听进去我的话吗？）,
,,,,,,,
,,,2-3-B,III-1,关于其他魅魔。,,
,,,,,,那你是如何看待其他魅魔的？,
,,,,,每个人都很无知。,,
,,,,,新的统治者也一样，他…… 竟然选择信任别人……,,
,,,,,而不是我们这些陪伴了殿下一生的人。,,
,,,,,,他为什么要这么没做？,
,,,,,哼，他觉得一切都与权力有关！,,
,,,,,他还不够成熟。他和我们不一样，他对这个王国一无所知。,,
,,,,,,听起来确实令人很担忧。,
,,II-4,,,,,
,,,,,啧啧，真让我浑身不自在。,,
,,,,,,怎么了吗？,
,,,,,我逗留在这个世界太久了。,,
,,,,,而且和其他的魅魔生活在一起让我抓狂！,,
,,,,,,哦？那你的王国是什么样子的？,
,,,,,你是问我在我的世界里是怎么生活的吗？,,
,,,2-4-A,III-1,和其他人住在一起呀。,,
,,,,,,我是说，你是怎么和其他魅魔相处的？,
,,,,,呵，我们不需要和其他魅魔一起生活。,,
,,,,,我们为什么要跟她们一起生活？,,
,,,,,,我还以为所有魅魔都彼此相亲相爱呢……,
,,,,,噗，真是可笑！,,
,,,,,像我们这种魅魔只需要彼此的陪伴。,,
,,,,,我们将再次给其他魅魔好好看看，我们的能耐。,,
,,,,,,,
,,,,,,,
,,,2-4-B,III-4,她过去的生活是怎样的。,,
,,,,,,你在那里过得怎么样？,
,,,,,我很努力地工作。,,
,,,,,几千年来一直善尽我身为魅魔的本分……,,
,,,,,监视着王国的每一个角落……,,
,,,,,即使她不在了，我还是会这么做。,,
,,,,,,她是谁……？,
,,,,,当然是恶魔女王。魅魔世界的统治者。,,
,,,,,,所以，现在你们已经没有统治者了吗？,
,,,,,……就是…… 那位主人……,,
,,,,,呃，我不想谈这个。,,
,,III-1,,,,,
,,,,,那些魅魔让我头疼……,,
,,,,,,你与某人有什么过节吗？,
,,,,,厄倪俄一族……,,
,,,,,真不敢相信，阿斯莫狄斯主人抛弃了我们，却选择了她们。,,
,,,,,,（喔…… 她们王国的新统治者？）,
,,,,,呃…… 这也难怪，毕竟他凭空就夺走了艾格拉斯女王的王位。,,
,,,,,他不知道谁更适合做统治者的左膀右臂。,,
,,,,,但我会让他明白……！,,
,,,3-1-A,III-2,与厄倪俄之间的竞争关系,,
,,,,,,或许你忽略了她们的一些事情？,
,,,,,当然没有！,,
,,,,,她们唯一在行的就是使用暴力。,,
,,,,,她们根本不知道如何用脑子思考。,,
,,,,,,是这样吗……,
,,,,,怎么？你有什么意见吗？,,
,,,,,,没…… 没有。,
,,,,,,,
,,,,,,,
,,,3-1-B,III-3,我钦佩你的决心。,,
,,,,,,如我所想…… 我真的很钦佩你的决心。,
,,,,,,这让我想起了我的妻子……,
,,,,,,她工作很努力，而且……,
,,,,,……,,
,,,,,,哦…… 噢，对不起。,
,,,,,,我的意思是，你的坚定值得被认可。,
,,,,,当然，只有傻瓜才不懂我的好。,,
,,III-2,,,,,
,,,,,,你还在为厄倪俄的事生气吗？,
,,,,,我没有。,,
,,,,,,但你看起来不像没事的样子。,
,,,,,呃…… 你还是这么烦人。,,
,,,,,其实我对她们并非怀恨在心。,,
,,,,,,你只是不能接受阿斯莫狄斯没有选择你的事实，对吗？,
,,,,,……！闭上你的臭嘴！,,
,,,3-2-A,EA,开心点。,,
,,,,,,对不起，我一时没忍住……,
,,,,,,但听到你并没有怀恨在心，让我松了一口气。,
,,,,,,你很强大，你所做的事情也都很了不起。,
,,,,,干…… 干嘛，你这是在奉承巴结我吗？,,
,,,,,,当…… 当然不是……,
,,,,,,这么说吧，如果你只是为了寻求他人认可而活，那可真是不值得。,
,,,,,,为了自己而活，你会开心许多。,
,,,,,……厚颜无耻的人类。,,
,,,,,,,
,,,,,,,
,,,3-2-B,EB,要是我，我会选你。,,
,,,,,,对…… 对不起。我想说的是……,
,,,,,,阿斯莫狄斯没有看到你的优点，真可惜。,
,,,,,,我要是他，肯定会选你。,
,,,,,我知道。,,
,,,,,,我是说真的，你很坚强，也很勤奋，是个努力工作的人。,
,,,,,,（……就像我的露娜一样。）,
,,,,,嗯哼。看来你没我想的那么愚蠢。,,
,,III-3,,,,,
,,,,,说一说怎么回事吧。,,
,,,,,,我在想…… 为什么恶魔女王会选你当她的左右手？,
,,,,,你这话什么意思？,,
,,,,,,我…… 我的意思是，新的统治者竟然没有选你，这很奇怪。,
,,,,,呿，你为什么不一开始就这样说呢。,,
,,,,,我们是最早出现的魅魔。,,
,,,,,我们知道关于恶魔王国和魅魔的一切。,,
,,,,,所以女王殿下自然会信任我们，让我们帮她处理事务。,,
,,,3-3-A,EA,像艾格瑞斯一样。,,
,,,,,,能成为魅魔女王…… 她一定很完美。,
,,,,,她又聪明又有权势，没有人敢违抗她。,,
,,,,,,我看得出来你对自己的地位非常自豪，但是……,
,,,,,赶紧说，别让我失去耐心。,,
,,,,,,你本身就已经很了不起了。,
,,,,,,但是你为什么不能像艾格瑞斯一样做自己呢？,
,,,,,,你可以寻找自己的目标，不需要理会别人怎么想。,
,,,,,,那样的话，你会不会感到更满足？,
,,,,,……！,,
,,,,,,,
,,,,,,,
,,,3-3-B,EB,言之有理。,,
,,,,,,毕竟你侍奉她够久了，不是吗？,
,,,,,没错。,,
,,,,,,你的无私奉献真的很了不起……,
,,,,,,我喜欢像你这样的女人。,
,,,,,你眼光不错。,,
,,,,,这样吧，你干脆就成为我的追随者吧？,,
,,,,,,追…… 追随者……？,
,,,,,那样的话，你就可以一辈子侍奉我了。,,
,,,,,这就是你想要的，对吗？,,
,,III-4,,,,,
,,,,,……你又来了。,,
,,,,,,我…… 我不是要故意打断你的……,
,,,,,你就像他一样，凭空就出现了。,,
,,,,,,他？,
,,,,,阿斯莫狄斯主人……,,
,,,,,,主人…… 我记得我们之前讨论过他。,
,,,,,向他证明自己…… 那是多久以前的事情了……,,
,,,,,但我是不会放弃的，为了我的族人。,,
,,,3-4-A,EB,你让我想起了她。,,
,,,,,,你知道吗，你让我想起了她……,
,,,,,你竟敢拿我和人类相比？！,,
,,,,,,不…… 不是这样的……,
,,,,,,我想说的是，你的决心令人敬佩。,
,,,,,哼。,,
,,,,,你想干嘛？现在可别说你喜欢我这种肉麻的话。,,
,,,,,,……嗯？当然不会…… 我是有妻子的人……,
,,,,,死去的妻子。,,
,,,,,,……,
,,,,,,,
,,,3-4-B,III-1,你想证明什么？,,
,,,,,,听起来就很幸苦……,
,,,,,,你到底想向他证明什么？,
,,,,,证明我比她们强……,,
,,,,,,她们……？,
,,,,,一想到她们，我就觉得恶心。,,
,,,,,,哦，好吧，我不会逼你谈这个……,
,,,,,明智的决定。,,
,,,,,不如我们谈谈我有多优秀吧。,,
,,,,,,（饶了我吧。）,
,,,,,,,
,,EA,,,抛弃自尊对比利士来说是一种解放。,,
,,,,,她现在很开心，因为她不再害怕偏见。,,
,,,,,她被那个帮她找到目标的男人所打动。,,
,,,,,这是杰克，正快乐地和他的新妻子比利士在一起。,,
,,EB,,,杰克从比利士的身上看到了努力工作的露娜的影子。,,
,,,,,经过他自己的深思熟虑，他认为比利士是替代露娜的不二人选。,,
,,,,,但是她并不是杰克所期待的那种女人。,,
,,,,,她只想操控杰克的人生。,,
,,,,,,,
2,Kalys,,,,卡利斯,,
,,I-1,,,,,
,,,,,……,,
,,,,,,你还好吗？,
,,,,,啊，嗯…… 还好……,,
,,,,,,你看起来闷闷不乐的……,
,,,,,只是我的脸…… 抱歉……,,
,,,1-1-A,I-2,你的脸没什么问题。,,
,,,,,,你的脸很正常。,
,,,,,别…… 别老是盯着我看……,,
,,,,,,啊，抱歉。,
,,,,,,（她可能有点不自在，突然被召唤到一个陌生的地方。）,
,,,,,,嗯，你想在屋子里四处逛逛吗？,
,,,,,别…… 别担心……,,fontSize=Small1
,,,,,,嗯？你刚才说了什么了吗？,
,,,,,,（她的声音太小了。）,
,,,,,别担心我…… 我很好……,,
,,,,,,好吧，既然你这么说的话……,
,,,,,,放松一点，就像在自己家一样，好吗？,
,,,,,,,
,,,1-1-B,II-3,如果你需要什么就跟我说。,,
,,,,,,嗯，如果你需要什么，随时告诉我，好吗？,
,,,,,……,,
,,,,,,没有必要害怕。,
,,,,,我…… 我不能…… 说话,,fontSize=Small1
,,,,,,你说什么？我听不到……,
,,,,,我不能说话…… 否则他会……,,fontSize=Small1
,,,,,,他？,
,,,,,……,,
,,,,,,（糟糕。）,
,,,,,,那我…… 那我不打扰你了。,
,,I-2,,,,,
,,,,,……出…… 出了什么事吗？,,
,,,,,,哦，没有，只是……,
,,,,,,你脖子上的这个东西…… 是首饰吗？,
,,,,,首…… 饰……？,,
,,,,,,我是说你的项链。,
,,,,,这个……,,
,,,,,不是首饰……,,
,,,1-2-A,II-4,你喜欢它吗？,,
,,,,,,所以是你喜欢戴着它？,
,,,,,不是…… 不是那样的……,,
,,,,,这是…… 他们给我们的……,,fontSize=Small1
,,,,,,我听不到你说话，你声音太小了。,
,,,,,是用来保护……,,
,,,,,,像护身符吗？,
,,,,,类似……,,
,,,,,,,
,,,1-2-B,II-1,你为什么要戴着它？,,
,,,,,,它看起来很重…… 你为什么要戴着它？,
,,,,,那是我的一部分…… 我们这种魅魔的一部分。,,
,,,,,,你们每个人都戴着这个吗？,
,,,,,是的…… 就好像我们应该……,,
,,,,,,是什么人给你们的吗？,
,,,,,……,,
,,,,,,好吧。如果你不想说也没关系。,
,,,,,了解……,,
,,I-3,,,,,
,,,,,,呀，卡利斯，原来你在这儿。,
,,,,,是…… 发生了什么事情吗？,,fontSize=Small1
,,,,,,我…… 我听不太清楚你说什么。,
,,,,,发生…… 发生了什么事情吗？,,fontSize=Small1
,,,,,,……再说一次。,
,,,,,！！,,
,,,,,,啊，抱歉！,
,,,,,,我想我应该靠近一点，那样就能听清楚你说话了……,
,,,,,好…… 好的……,,
,,,1-3-A,II-3,你在烦恼什么事吗？,,
,,,,,,有什么事情让你心烦吗？,
,,,,,没有…… 只是……,,
,,,,,如果我话太多…… 主人会不高兴的……,,
,,,,,,主人？,
,,,,,噢，我不能提他……！,,
,,,,,请…… 请忘了我说的话吧。,,
,,,,,我知道…… 我没资格提要求……,,
,,,,,,我们都先冷静一下，好吗？,
,,,,,,如果你不想说，我也不会强迫你。,
,,,,,……,,
,,,1-3-B,I-2,你为什么总是轻声细语？,,
,,,,,,你一向说话这么小声吗？,
,,,,,我…… 我只是不习惯…… 和别人说话……,,
,,,,,对不起…… 如果我回答得不好……,,
,,,,,,哦，不用担心。,
,,,,,,我一向大大咧咧的。,
,,,,,不，是我不好。,,
,,,,,他们…… 他们告诉我…… 只有在别人问话时再开口说话。,,
,,,,,你在问我问题…… 可是我却没有好好回答……,,
,,,,,对不起。,,
,,II-1,,,,,
,,,,,需要我帮忙吗，主人？,,
,,,,,,你刚才叫我……？,
,,,,,啊，对不起…… 你不喜欢我这样叫吗……？,,
,,,,,我应…… 应该怎么称呼你呢……,,
,,,,,,叫我「杰克」就好了。,
,,,,,但…… 但你现在是我的主人……,,
,,,,,,被人这样叫感觉很奇怪。,
,,,,,,感觉像是…… 嗯…… 我俩在做某种奇怪的角色扮演。,
,,,,,嗯？我…… 我不明白你的意思。,,
,,,2-1-A,II-2,你在魅魔世界担任什么角色？,,
,,,,,,嗯，我不知道这样问你合不合适，但是……,
,,,,,,你在魅魔世界中是做什么的？,
,,,,,我…… 我是……,,
,,,,,我只是个按照主人命令行事的人……,,
,,,,,这就是我们一族的使命。,,
,,,,,,……嗯，你和我见过的其他魅魔确实不一样。,
,,,,,,怎么形容呢…… 你特别听话。,
,,,,,这算…… 一件好事？还是坏事呢……？,,
,,,,,我不太确定……,,
,,,,,,,
,,,,,,,
,,,2-1-B,II-3,是你在魅魔世界里的主人吗？,,
,,,,,,魅魔世界的主人让你这样称呼他的吗？,
,,,,,不是…… 但是每个人都这么叫他……,,
,,,,,他们…… 他们告诉我也应该这样叫。,,
,,,,,我就跟着做了，这样对我最有益……,,
,,,,,,什么对你最有益？,
,,,,,额…… 嗯…… 我的意思是…… 如果我按照别人说的去做……,,
,,,,,他们就会允许我活下来……？,,
,,,,,,？！,
,,II-2,,,,,
,,,,,还有其他事情是我能帮你的吗……？,,
,,,,,,嗯？为什么突然这么问？,
,,,,,,你已经为我做了很多了。,
,,,,,,……如果真要说，我才是比较自私的那个。,
,,,,,什…… 什么…… 意思？,,
,,,,,,我很抱歉…… 我做的这一切都是为了自己的目的……,
,,,,,,我甚至利用了魅魔……,
,,,,,,我才是最坏的那个。,
,,,,,……至少…… 至少你还有一个目标……,,
,,,2-2-A,III-1,那你呢？,,
,,,,,,嗯，那你呢？,
,,,,,,你有什么想要达成的目标吗？,
,,,,,……,,
,,,,,我…… 我对现在所拥有的一切已经很满足了……,,
,,,,,我很高兴自己现在很安全……,,
,,,,,因为有他们的保护……,,
,,,,,,他们是谁？,
,,,,,呃……,,
,,,,,,我刚意识到你经常提起他们。,
,,,,,,……如果你不介意我问一下？,
,,,,,也许…… 下次再说吧……,,
,,,,,,,
,,,,,,,
,,,2-2-B,III-3,你也应该有个目标。,,
,,,,,,啊，你一定也有自己的目标吧，对吗？,
,,,,,,其他魅魔似乎都有自己的野心。,
,,,,,我…… 我连想都不敢想……,,
,,,,,,是什么让你连想都不敢想呢？,
,,,,,我…… 我不能…… 我必须服从命令……,,
,,,,,我不敢…… 我甚至不敢想想我自己的目标……,,
,,,,,,我很抱歉这样说，可是……,
,,,,,,我想如果你能找到自己的目标并努力实现，那就太好了。,
,,,,,呃……,,
,,,,,,不…… 不必非得是现在！,
,,,,,,也许趁你在这里时，我们可以一起寻找这个目标。,
,,II-3,,,,,
,,,,,,我觉得…… 你和其他魅魔确实很不一样。,
,,,,,……？,,
,,,,,,你真的很安静。,
,,,,,我只是…… 我只是没什么要说的……,,
,,,,,即使我有……,,
,,,,,我…… 我的想法也不重要……,,
,,,,,,你为什么这样想？,
,,,,,有人告诉我……,,
,,,,,这样的话主人就…… 不会伤害我了……,,
,,,2-3-A,III-3,他伤害过你？,,
,,,,,,主人曾经伤害过你？,
,,,,,！,,
,,,,,没…… 没有……,,
,,,,,我…… 我们…… 我们之间也没有互动……,,
, ,,,,,这样的话…… 你其实没什么好怕的，不是吗？,
,,,,,,如果你留在这里的话他们会在意吗？,
,,,,,……我不知道。,,
,,,,,,那…… 那只是一个想法，你不用太认真。,
,,,,,嗯？好吧……,,
,,,,,,,
,,,,,,,
,,,2-3-B,III-1,其他魅魔也害怕主人吗？,,
,,,,,,其他魅魔也害怕主人吗？,
,,,,,我…… 我想是的……,,
,,,,,我…… 我不确定，但是……,,
,,,,,,但是？,
,,,,,呃…… 对不起……,,
,,,,,我…… 我不知道……,,
,,II-4,,,,,
,,,,,啊…… 卡住了……,,
,,,,,,怎么了？,
,,,,,这根…… 这根链子…… 它…… 它好像卡住了……,,
,,,,,,让我来帮你。,
,,,,,噢…… 你没有必要……,,
,,,,,,好了。,
,,,,,,……,
,,,,,好了吗？,,
,,,,,,是…… 是的，嗯，你为什么还戴着它？,
,,,,,,它不会妨碍你吗？这些枷锁，我是说……,
,,,,,我…… 我觉得…… 这样会安全一些。,,
,,,,,我戴着它的时候，会觉得有安全感,,
,,,2-4-A,II-5,独特的护身符。,,
,,,,,,这…… 我该怎么说呢……,
,,,,,,独特？,
,,,,,为…… 为什么这么说？,,
,,,,,,通常枷锁是用来…… 你知道的……,
,,,,,,限制人的行动？,
,,,,,,可是你被束缚住的时候怎么反而会觉得安全？,
,,,,,这个…… 不是用来束缚我们的。,,
,,,,,芭丝特魔女一直在保护我们……,,
,,,,,没有她们的话…… 我们是活不下去的……,,
,,,,,所以…… 她们给了我们这些枷锁……,,
,,,,,,,
,,,2-4-B,III-3,觉得安全？,,
,,,,,,你戴着它觉得安全？,
,,,,,是…… 是的。毕竟…… 这是她们给我们的……,,
,,,,,,恕我冒昧，她们是谁？,
,,,,,芭丝特一族……,,
,,,,,她们一直在教我们…… 如何生存下去。,,
,,,,,如果不是她们…… 主人他……,,
,,,,,他可能早就把我们都消灭了……,,
,,,,,,这么严重。,
,,,,,,……生活在这样的恐惧中，你不觉得累吗？,
,,,,,我……,,
,,II-5,,,,,
,,,,,……,,
,,,,,,有人吗？,
,,,,,哦…… 啊！我在这……,,
,,,,,,怎么了？你看起来有些疲惫。,
,,,,,,你今天想休息一下吗？,
,,,,,拜…… 拜托…… 请不用担心我……,,
,,,,,在这里…… 你是我的主人……,,
,,,,,所以…… 你想怎么使唤我都可以。,,
,,,,,,……不要这样说。,
,,,,,我也不知道我该做什么……,,
,,,,,如果没人告诉我……,,
,,,2-5-A,III-2,芭丝特教你的？,,
,,,,,,芭丝特魔女没有告诉你要怎么做吗？,
,,,,,……,,
,,,,,……是的，她们…… 他们会保护我们……,,
,,,,,一直…… 一直以来都是这样。,,
,,,,,,你难道从一出生就跟随着她们吗？,
,,,,,嗯…… 否则的话…… 我们完全不知道该做什么。,,
,,,,,,你没有自己想做的事吗？,
,,,,,！,,
,,,,,我…… 我不敢……,,
,,,2-5-B,II-3,是主人的命令？,,
,,,,,,如果主人没有下命令给你呢？,
,,,,,如果是跟主人有关……,,
,,,,,我只是…… 不想麻烦他……,,
,,,,,,我想他不会介意的。,
,,,,,,我的意思是，你其实很有帮助。,
,,,,,我…… 又弱…… 又丑……,,
,,,,,我的存在…… 是对他的侮辱……,,
,,,,,,……,
,,III-1,,,,,
,,,,,杰…… 杰克……？,,
,,,,,,嗯？,
,,,,,很抱歉问你，但是…… 你有没有……,,
,,,,,缝纫的…… 工具？,,fontSize=Small1
,,,,,呃，对不起，还是算了吧……,,
,,,,,,你需要缝纫工具？,
,,,,,,我记得露娜有。我去找找。,
,,,,,,我不知道你喜欢缝纫。,
,,,,,不…… 这是…… 为了其他魅魔……,,
,,,,,她们…… 她们让我缝补她们的衣服。,,
,,,,,,……,
,,,,,,她们在霸凌你吗？,
,,,,,我…… 不是…… 我只是…… 做我份内的事…… 服侍他人……,,
,,,3-1-A,III-2,服侍他人？,,
,,,,,,哦？我以为魅魔只需要听从主人的话就够了？,
,,,,,是…… 是这样的……,,
,,,,,,？ 那你为什么……,
,,,,,……这只是…… 只是我们族人的天性。,,
,,,,,这是…… 她们告诉我的。,,
,,,,,,她们是谁？所有的魅魔？,
,,,,,是…… 是…… 芭丝特魔女。,,
,,,,,她们就像…… 就像我们的守护者……？,,
,,,,,,意思是她们会照顾你的同族吗？,
,,,,,差不多……,,
,,,,,,（为什么她听起来不太肯定？）,
,,,3-1-B,EB,让我来吧。,,
,,,,,,这样吧，让我来帮你做。,
,,,,,,你去休息一下。,
,,,,,呃…… 但…… 但是……,,
,,,,,,我想帮你。,
,,,,,呃…… 嗯…… 你没必要这么做的……,,
,,,,,,没关系的。,
,,,,,你…… 你们会怎么说……,,
,,,,,表…… 表达感谢的话……,,
,,,,,,……谢谢你？,
,,,,,哦…… 谢谢你，杰克。,,
,,,,,,不用谢。,
,,III-2,,,,,
,,,,,接下来我该做什么，杰克……？,,
,,,,,,嗯，抱歉，我还没想好。,
,,,,,,哎……,
,,,,,你看上去很疲惫……,,
,,,,,,抱歉…… 都是因为我。,
,,,,,我听说了…… 一些关于你…… 你妻子的事。,,
,,,,,她…… 她是，是你的守护者吗……？,,
,,,3-2-A,EA,不是那样的。,,
,,,,,,我觉得不太一样……,
,,,,,,但是，谢谢你的关心。,
,,,,,不…… 一样……？,,
,,,,,,我们彼此互相照顾……,
,,,,,,因为我们想让对方开心。,
,,,,,让…… 让某人开心……,,
,,,,,嗯……,,
,,,,,,怎么了？,
,,,,,我有种感觉…… 但我不确定……不确定这种感觉到底是什么。,,
,,,3-2-B,EB,别在意。,,
,,,,,,噢！对不起，是我让气氛变得低沉了。,
,,,,,不…… 不是的……,,
,,,,,如…… 如果有一天芭丝特魔女全都消失……,,
,,,,,我会…… 我想我会和你一样感到失落的……,,
,,,,,,如果真的有那么一天…… 你还有我可以依靠。,
,,,,,？,,
,,,,,,哈哈…… 我在说什么啊。,
,,,,,,请不要介意。,
,,,,,……,,
,,III-3,,,,,
,,,,,……,,
,,,,,,嗯？你看起来心情不错。,
,,,,,噢，没什么…… 抱歉……,,
,,,,,,没什么好抱歉的。,
,,,,,,是有什么好事吗？,
,,,,,不…… 不是什么重要的事……,,
,,,,,我只是…… 从M女士那里学到了一些东西。,,
,,,,,,哦？是什么呢？,
,,,,,烤…… 烤饼干……,,
,,,,,,你想再去那里学更多东西吗？,
,,,,,我…… 我可以吗……？,,
,,,3-3-A,EB,我可以安排。,,
,,,,,,如果你愿意，我可以找个地方让你去学习。,
,,,,,真的可以吗？,,
,,,,,,不用太过担心了。,
,,,,,,我只是想支持你的兴趣。,
,,,,,噢…… 嗯…… 这样的话……,,
,,,,,,没关系的，相信我。,
,,,,,既然你都这么说了……,,
,,,,,,,
,,,,,,,
,,,,,,,
,,,3-3-B,EA,由你决定。,,
,,,,,,你当然可以了。,
,,,,,,看你愿不愿意而已。,
,,,,,我…… 我可以…… 选择？,,
,,,,,,嗯哼。,
,,,,,那…… 那我…… 我想去……,,
,,,,,,很好。,
,,,,,好…… 什么？,,
,,,,,,你终于有自己想做的事了。,
,,,,,……！,,
,,,,,,,
,,EA,,,卡利斯最终听从自己的心意，选择了杰克。,,
,,,,,她现在是个自由身，没有人能再操控她了。,,
,,,,,一切重新开始，杰克和卡利斯承诺从今以后相濡以沫。,,
,,EB,,,她意识到杰克可以保护她，于是杰克怎么说她便怎么做。,,
,,,,,由于她十分害怕独自行动，因此杰克必须要照顾她。,,
,,,,,现在卡利斯在杰克的保护下安逸地生活着。,,
,,,,,……所以现在是谁被控制了呢?,,
,,,,,,,
21,localization,,,,,,
,,mainTitle,,,我可爱的老婆 - 所有魅魔故事,,
,,ok,,,好的,,
,,cancel,,,取消,,
,,house,,,后宫,,
,,availablePathes_,,,可用路线：,,
,,isChecked,,,已选取(标记),,
,,Jake,,,杰克,,
,,story,,,故事,,
,,choice,,,抉择,,
